{
    "name": "root",
    "gauges": {
        "CompactAgent.Policy.Entropy.mean": {
            "value": 3.173905849456787,
            "min": 3.173905849456787,
            "max": 3.173905849456787,
            "count": 1
        },
        "CompactAgent.Policy.Entropy.sum": {
            "value": 63808.203125,
            "min": 63808.203125,
            "max": 63808.203125,
            "count": 1
        },
        "CompactAgent.Environment.EpisodeLength.mean": {
            "value": 19.819979188345474,
            "min": 19.819979188345474,
            "max": 19.819979188345474,
            "count": 1
        },
        "CompactAgent.Environment.EpisodeLength.sum": {
            "value": 19047.0,
            "min": 19047.0,
            "max": 19047.0,
            "count": 1
        },
        "CompactAgent.Step.mean": {
            "value": 19977.0,
            "min": 19977.0,
            "max": 19977.0,
            "count": 1
        },
        "CompactAgent.Step.sum": {
            "value": 19977.0,
            "min": 19977.0,
            "max": 19977.0,
            "count": 1
        },
        "CompactAgent.Policy.ExtrinsicValueEstimate.mean": {
            "value": -30.03733253479004,
            "min": -30.03733253479004,
            "max": -30.03733253479004,
            "count": 1
        },
        "CompactAgent.Policy.ExtrinsicValueEstimate.sum": {
            "value": -28835.83984375,
            "min": -28835.83984375,
            "max": -28835.83984375,
            "count": 1
        },
        "CompactAgent.Environment.CumulativeReward.mean": {
            "value": -168.51150239308674,
            "min": -168.51150239308674,
            "max": -168.51150239308674,
            "count": 1
        },
        "CompactAgent.Environment.CumulativeReward.sum": {
            "value": -161771.04229736328,
            "min": -161771.04229736328,
            "max": -161771.04229736328,
            "count": 1
        },
        "CompactAgent.Policy.ExtrinsicReward.mean": {
            "value": -168.51150239308674,
            "min": -168.51150239308674,
            "max": -168.51150239308674,
            "count": 1
        },
        "CompactAgent.Policy.ExtrinsicReward.sum": {
            "value": -161771.04229736328,
            "min": -161771.04229736328,
            "max": -161771.04229736328,
            "count": 1
        },
        "CompactAgent.Losses.PolicyLoss.mean": {
            "value": 0.06858034119768826,
            "min": 0.06858034119768826,
            "max": 0.06858034119768826,
            "count": 1
        },
        "CompactAgent.Losses.PolicyLoss.sum": {
            "value": 0.6172230707791944,
            "min": 0.6172230707791944,
            "max": 0.6172230707791944,
            "count": 1
        },
        "CompactAgent.Losses.ValueLoss.mean": {
            "value": 711.3038282041197,
            "min": 711.3038282041197,
            "max": 711.3038282041197,
            "count": 1
        },
        "CompactAgent.Losses.ValueLoss.sum": {
            "value": 6401.734453837077,
            "min": 6401.734453837077,
            "max": 6401.734453837077,
            "count": 1
        },
        "CompactAgent.Policy.LearningRate.mean": {
            "value": 0.00029984558005147324,
            "min": 0.00029984558005147324,
            "max": 0.00029984558005147324,
            "count": 1
        },
        "CompactAgent.Policy.LearningRate.sum": {
            "value": 0.0026986102204632594,
            "min": 0.0026986102204632594,
            "max": 0.0026986102204632594,
            "count": 1
        },
        "CompactAgent.Policy.Epsilon.mean": {
            "value": 0.19994852666666668,
            "min": 0.19994852666666668,
            "max": 0.19994852666666668,
            "count": 1
        },
        "CompactAgent.Policy.Epsilon.sum": {
            "value": 1.7995367400000002,
            "min": 1.7995367400000002,
            "max": 1.7995367400000002,
            "count": 1
        },
        "CompactAgent.Policy.Beta.mean": {
            "value": 0.009994857813999999,
            "min": 0.009994857813999999,
            "max": 0.009994857813999999,
            "count": 1
        },
        "CompactAgent.Policy.Beta.sum": {
            "value": 0.08995372032599999,
            "min": 0.08995372032599999,
            "max": 0.08995372032599999,
            "count": 1
        },
        "CompactAgent.IsTraining.mean": {
            "value": 1.0,
            "min": 1.0,
            "max": 1.0,
            "count": 1
        },
        "CompactAgent.IsTraining.sum": {
            "value": 1.0,
            "min": 1.0,
            "max": 1.0,
            "count": 1
        }
    },
    "metadata": {
        "timer_format_version": "0.1.0",
        "start_time_seconds": "1668404627",
        "python_version": "3.8.13 (default, Oct 19 2022, 22:38:03) [MSC v.1916 64 bit (AMD64)]",
        "command_line_arguments": "C:\\Users\\team-admin\\anaconda3\\envs\\mlagents\\Scripts\\mlagents-learn ./CompactAgent.yaml --run-id ca_grid_01",
        "mlagents_version": "0.28.0",
        "mlagents_envs_version": "0.28.0",
        "communication_protocol_version": "1.5.0",
        "pytorch_version": "1.7.1+cu110",
        "numpy_version": "1.23.4",
        "end_time_seconds": "1668405135"
    },
    "total": 509.04539800000003,
    "count": 1,
    "self": 0.007481800000050498,
    "children": {
        "run_training.setup": {
            "total": 0.46533310000000006,
            "count": 1,
            "self": 0.46533310000000006
        },
        "TrainerController.start_learning": {
            "total": 508.5725831,
            "count": 1,
            "self": 0.12647359999840546,
            "children": {
                "TrainerController._reset_env": {
                    "total": 12.2514547,
                    "count": 1,
                    "self": 12.2514547
                },
                "TrainerController.advance": {
                    "total": 495.9859122000016,
                    "count": 4532,
                    "self": 0.1188551000005873,
                    "children": {
                        "env_step": {
                            "total": 478.333641500001,
                            "count": 4532,
                            "self": 463.31866649999927,
                            "children": {
                                "SubprocessEnvManager._take_step": {
                                    "total": 14.934616400000543,
                                    "count": 4532,
                                    "self": 0.2545706000004806,
                                    "children": {
                                        "TorchPolicy.evaluate": {
                                            "total": 14.680045800000062,
                                            "count": 3348,
                                            "self": 4.292541700000777,
                                            "children": {
                                                "TorchPolicy.sample_actions": {
                                                    "total": 10.387504099999285,
                                                    "count": 3348,
                                                    "self": 10.387504099999285
                                                }
                                            }
                                        }
                                    }
                                },
                                "workers": {
                                    "total": 0.08035860000121176,
                                    "count": 4531,
                                    "self": 0.0,
                                    "children": {
                                        "worker_root": {
                                            "total": 456.16723020000063,
                                            "count": 4531,