{"count":1,"self":71530.0798464,"total":81844.084424399989,"children":{"InitializeActuators":{"count":8,"self":0.0020114,"total":0.0020114,"children":null},"InitializeSensors":{"count":8,"self":0.0020545999999999997,"total":0.0020545999999999997,"children":null},"AgentSendState":{"count":59339654,"self":136.6406144,"total":269.9825546,"children":{"CollectObservations":{"count":4747176,"self":34.260956799999995,"total":34.260957499999996,"children":null},"WriteActionMask":{"count":4747176,"self":4.1552327999999994,"total":4.1552326,"children":null},"RequestDecision":{"count":4747176,"self":14.169243199999999,"total":94.9257492,"children":{"AgentInfo.ToProto":{"count":4747176,"self":13.9401824,"total":80.75650619999999,"children":{"GenerateSensorData":{"count":4747176,"self":66.8163264,"total":66.8163245,"children":null}}}}}}},"DecideAction":{"count":59339654,"self":9300.250624,"total":9300.2503745,"children":null},"AgentAct":{"count":59339654,"self":738.84426239999993,"total":738.8442811,"children":null},"AgentInfo.ToProto":{"count":189094,"self":1.1634065,"total":4.9224482,"children":{"GenerateSensorData":{"count":189094,"self":3.7590415999999998,"total":3.7590417,"children":null}}}},"gauges":{"CompactAgent.CumulativeReward":{"count":189094,"max":134.084518,"min":16.357935,"runningAverage":75.39274,"value":66.56668,"weightedAverage":66.5666656}},"metadata":{"timer_format_version":"0.1.0","start_time_seconds":"1668528130","unity_version":"2021.3.5f1","command_line_arguments":"C:\\Program Files\\Unity\\Hub\\Editor\\2021.3.5f1\\Editor\\Unity.exe -projectpath C:\\Users\\team-admin\\Documents\\Unity\\Stacky-Block-Environment\\StackyBlock_Env -useHub -hubIPC -cloudEnvironment production -licensingIpc LicenseClient-team-admin -hubSessionId 25339ac0-63db-11ed-86a1-19f75f24a493 -accessToken xF9ShfQT-pZdpnznZRPI3jv4LfF5BQ365iK1ufhbuQo001f","communication_protocol_version":"1.5.0","com.unity.ml-agents_version":"2.0.1","scene_name":"DensityTraining","end_time_seconds":"1668609974"}}